"DESCRIPTION","DURATION IN MS","NAME","PARENT SUITE","START TIME","STATUS","STOP TIME","SUB SUITE","SUITE","TEST CLASS","TEST METHOD"
"","842","test_passing_cursor_of_non_existing_message_from_the_store","tests.store","2026-06-21","passed","2026-06-21","TestCursor","test_cursor","",""
"","837","test_store_with_duplicate_hashes","tests.store","2026-06-21","passed","2026-06-21","TestHashes","test_hashes","",""
"","646326","test_query_after_long_time","tests.store_sync","2026-06-21","passed","2026-06-21","TestStoreSync","test_store_sync","",""
"","41548","test_max_page_size","tests.store","2026-06-21","passed","2026-06-21","TestPageSize","test_page_size","",""
"","228","test_publish_with_ephemeral","tests.relay","2026-06-21","passed","2026-06-21","TestRelayPublish","test_publish","",""
"","3363","test_multiple_content_topics_different_shard","tests.sharding","2026-06-21","passed","2026-06-21","TestRunningNodesAutosharding","test_running_nodes_auto_sharding","",""
"","40182","test_store_no_peer_selected","tests.e2e","2026-06-21","passed","2026-06-21","TestE2E","test_e2e","",""
"","2507","test_admin_filter_subscriptions_shape","tests.rest_flags","2026-06-21","passed","2026-06-21","TestAdminFlags","test_admin_flags","",""
"","3332","test_subscribe_via_api_to_new_pubsub_topics","tests.sharding","2026-06-21","passed","2026-06-21","TestRelayStaticSharding","test_relay_static_sharding","",""
"","837","test_store_with_non_hex_characters_in_hash","tests.store","2026-06-21","passed","2026-06-21","TestHashes","test_hashes","",""
"","6932","test_sync_with_one_node_with_delayed_start","tests.store_sync","2026-06-21","passed","2026-06-21","TestStoreSync","test_store_sync","",""
"","12007","test_auto_shard_relay_10_nwaku_nodes","tests.sharding","2026-06-21","passed","2026-06-21","TestMultipleNodes","test_multiple_nodes","",""
"","15593","test_relay_2_nodes_low_bandwidth_reliability","tests.e2e","2026-06-21","passed","2026-06-21","TestNetworkConditions","test_network_conditions","",""
"","37953","test_filter_node_not_connected_directly_to_relaying_node","tests.e2e","2026-06-21","passed","2026-06-21","TestE2E","test_e2e","",""
"","55618","test_relay_4_nodes_sender_packet_loss_delivery_ratio_simple[loss60]","tests.e2e","2026-06-21","skipped","2026-06-21","TestNetworkConditions","test_network_conditions","",""
"","599","test_publish_on_multiple_pubsub_topics","tests.relay","2026-06-21","passed","2026-06-21","TestRelayPublish","test_publish","",""
"","1253","test_time_filter_matches_multiple_messages","tests.store","2026-06-21","passed","2026-06-21","TestTimeFilter","test_time_filter","",""
"","2407","test_node_uses_both_auto_and_regular_apis","tests.sharding","2026-06-21","broken","2026-06-21","TestRunningNodesAutosharding","test_running_nodes_auto_sharding","",""
"","25806","test_relay_different_latency_between_two_nodes[5000]","tests.e2e","2026-06-21","passed","2026-06-21","TestNetworkConditions","test_network_conditions","",""
"","2695","test_publish_on_multiple_content_topics_and_only_after_fetch_them[content_topic_list1]","tests.sharding","2026-06-21","passed","2026-06-21","TestRelayAutosharding","test_relay_auto_sharding","",""
"","37112","test_admin_relay_peers_contains_all_relay_peers","tests.rest_flags","2026-06-21","passed","2026-06-21","TestAdminFlags","test_admin_flags","",""
"","42168","test_repeated_filter_requestID","tests.e2e","2026-06-21","passed","2026-06-21","TestE2E","test_e2e","",""
"","2516","test_sender_uses_auto_api_receiver_uses_regular_api","tests.sharding","2026-06-21","passed","2026-06-21","TestRunningNodesAutosharding","test_running_nodes_auto_sharding","",""
"","2","test_metadata_protocol_mounted_also_on_non_1_clusters","tests.logs","2026-06-21","passed","2026-06-21","TestLogs","test_logs","",""
"","10423","test_different_cursor_and_indexes[19-50]","tests.store","2026-06-21","passed","2026-06-21","TestCursor","test_cursor","",""
"","0","test_idle_filter_subscriptions_after_node_disconnection","tests.filter","2026-06-21","skipped","2026-06-21","TestIdleSubscriptions","test_idle_subscriptions","",""
"","8319","test_different_page_size[39]","tests.store","2026-06-21","passed","2026-06-21","TestPageSize","test_page_size","",""
"","37812","test_filter_node_not_connected_directly_to_lightpushing_node","tests.e2e","2026-06-21","passed","2026-06-21","TestE2E","test_e2e","",""
"","4","test_publish_with_extra_field","tests.relay","2026-06-21","passed","2026-06-21","TestRelayPublish","test_publish","",""
"","838","test_store_with_wrong_hash","tests.store","2026-06-21","passed","2026-06-21","TestHashes","test_hashes","",""
"","6833","test_get_peers_after_node1_was_restarted","tests.peer_exchange","2026-06-21","passed","2026-06-21","TestPeerExchange","test_peer_exchange","",""
"","11","test_filter_unsubscribe_from_101_content_topics","tests.filter","2026-06-21","passed","2026-06-21","TestFilterUnSubscribe","test_unsubscribe","",""
"","141871","test_filter_many_subscribed_nodes","tests.e2e","2026-06-21","passed","2026-06-21","TestE2E","test_e2e","",""
"","50052","test_s15_lightpush_retryable_error_then_recovery","tests.wrappers_tests","2026-06-21","skipped","2026-06-21","TestS15LightpushRetryableErrorRecovery","test_send_lightpush_and_edge","",""
"","2086","test_store_sort_ascending[true]","tests.store","2026-06-21","passed","2026-06-21","TestSorting","test_sorting","",""
"","1253","test_time_filter_end_time_now","tests.store","2026-06-21","passed","2026-06-21","TestTimeFilter","test_time_filter","",""
"","839","test_store_with_excessive_length_hash","tests.store","2026-06-21","passed","2026-06-21","TestHashes","test_hashes","",""
"","11005","test_auto_port_per_field[websocketPort-webSocket-enable_service2-8000]","tests.wrappers_tests","2026-06-21","passed","2026-06-21","TestWrapperAutoPortAllocation","test_wrapper_corner_cases","",""
"","13566","test_relay_different_latency_between_two_nodes[500]","tests.e2e","2026-06-21","passed","2026-06-21","TestNetworkConditions","test_network_conditions","",""
"","8","test_valid_payloads_n1_with_rln_n2_without_rln_at_spam_rate","tests.relay","2026-06-21","broken","2026-06-21","TestRelayRLN","test_rln","",""
"","1250","test_time_filter_small_timestamp","tests.store","2026-06-21","passed","2026-06-21","TestTimeFilter","test_time_filter","",""
"","16","test_relay_subscribe_with_invalid_pubsub_topic_format","tests.relay","2026-06-21","passed","2026-06-21","TestRelaySubscribe","test_subscribe","",""
"","3262","test_log_level_FATAL_from_ERROR","tests.rest_flags","2026-06-21","passed","2026-06-21","TestAdminFlags","test_admin_flags","",""
"","3244","test_log_level_NOTICE_from_INFO","tests.rest_flags","2026-06-21","passed","2026-06-21","TestAdminFlags","test_admin_flags","",""
"","2032","test_filter_get_message_with_150_kb_payload","tests.filter","2026-06-21","passed","2026-06-21","TestFilterGetMessages","test_get_messages","",""
"","2537","test_publish_without_subscribing_via_api_works","tests.sharding","2026-06-21","passed","2026-06-21","TestRelayAutosharding","test_relay_auto_sharding","",""
"","2514","test_cant_publish_on_not_subscribed_shard","tests.sharding","2026-06-21","passed","2026-06-21","TestRelayStaticSharding","test_relay_static_sharding","",""
"","2649","test_single_content_topic[/toychat/2/huilong/proto]","tests.sharding","2026-06-21","passed","2026-06-21","TestRunningNodesAutosharding","test_running_nodes_auto_sharding","",""
"","20828","test_different_page_size[99]","tests.store","2026-06-21","passed","2026-06-21","TestPageSize","test_page_size","",""
"","225","test_publish_and_retrieve_duplicate_message","tests.relay","2026-06-21","passed","2026-06-21","TestRelayPublish","test_publish","",""
"","1251","test_time_filter_invalid_start_time","tests.store","2026-06-21","passed","2026-06-21","TestTimeFilter","test_time_filter","",""
"","5869","test_store_with_long_string_pubsub_topic","tests.store","2026-06-21","passed","2026-06-21","TestTopics","test_topics","",""
"","11012","test_auto_port_per_field[discv5UdpPort-discv5Udp-enable_service1-9000]","tests.wrappers_tests","2026-06-21","passed","2026-06-21","TestWrapperAutoPortAllocation","test_wrapper_corner_cases","",""
"","1569","test_publishing_node_restarts","tests.store","2026-06-21","passed","2026-06-21","TestReliability","test_reliability","",""
"","3","test_publish_with_missing_content_topic","tests.relay","2026-06-21","passed","2026-06-21","TestRelayPublish","test_publish","",""
"","369","test_filter_update_subscription_add_a_new_pubsub_topic","tests.filter","2026-06-21","passed","2026-06-21","TestFilterSubscribeUpdate","test_subscribe_update","",""
"","25880","test_s31_concurrent_sends_mixed_topics_during_churn","tests.wrappers_tests","2026-06-21","passed","2026-06-21","TestS31ConcurrentSendsMixedTopicsDuringChurn","test_send_errors_and_concurrency","",""
"","4514","test_resubscribe_to_unsubscribed_pubsub_topics","tests.sharding","2026-06-21","passed","2026-06-21","TestRelayStaticSharding","test_relay_static_sharding","",""
"","2634","test_single_content_topic[/app/20/sometopic/someencoding]","tests.sharding","2026-06-21","passed","2026-06-21","TestRunningNodesAutosharding","test_running_nodes_auto_sharding","",""
"","4979","test_combination_of_different_nodes","tests.light_push","2026-06-21","passed","2026-06-21","TestMultipleNodes","test_multiple_nodes","",""
"","9756","test_sync_with_nodes_restart__case2","tests.store_sync","2026-06-21","passed","2026-06-21","TestStoreSync","test_store_sync","",""
"","4","test_light_push_with_missing_pubsub_topics","tests.light_push","2026-06-21","failed","2026-06-21","TestLightPushPublish","test_publish","",""
"","5871","test_sync_nodes_have_store_true","tests.store_sync","2026-06-21","passed","2026-06-21","TestStoreSync","test_store_sync","",""
"","3","test_filter_unsubscribe_with_no_content_topic","tests.filter","2026-06-21","passed","2026-06-21","TestFilterUnSubscribe","test_unsubscribe","",""
"","70666","test_store_sync_indirect_node","tests.store_sync","2026-06-21","passed","2026-06-21","TestStoreSync","test_store_sync","",""
"","4","test_filter_unsubscribe_with_invalid_request_id","tests.filter","2026-06-21","passed","2026-06-21","TestFilterUnSubscribe","test_unsubscribe","",""
"","2088","test_cursor_equal_to_first_message","tests.store","2026-06-21","passed","2026-06-21","TestCursor","test_cursor","",""
"","12014","test_s17_send_before_relay_peers_joins","tests.wrappers_tests","2026-06-21","passed","2026-06-21","TestS17SendBeforeRelayPeersJoin","test_send_relay_propagation","",""
"","1254","test_time_filter_big_timestamp","tests.store","2026-06-21","passed","2026-06-21","TestTimeFilter","test_time_filter","",""
"","4986","test_admin_connected_peers_contains_peers_only","tests.rest_flags","2026-06-21","passed","2026-06-21","TestAdminFlags","test_admin_flags","",""
"","4","test_light_push_with_invalid_version","tests.light_push","2026-06-21","passed","2026-06-21","TestLightPushPublish","test_publish","",""
"","836","test_passing_invalid_cursor","tests.store","2026-06-21","passed","2026-06-21","TestCursor","test_cursor","",""
"","4785","test_filter_auto_sharding_multiple_content_topics","tests.sharding","2026-06-21","passed","2026-06-21","TestFilterAutoSharding","test_filter","",""
"","83151","test_store_sync_small_sync_range","tests.store_sync","2026-06-21","passed","2026-06-21","TestStoreSync","test_store_sync","",""
"","6254","test_page_size_0_defaults_to_20","tests.store","2026-06-21","passed","2026-06-21","TestPageSize","test_page_size","",""
"","3468","test_multiple_pubsub_topics_same_cluster","tests.sharding","2026-06-21","passed","2026-06-21","TestRunningNodesStaticSharding","test_running_nodes_static_sharding","",""
"","1252","test_time_filter_matches_no_message","tests.store","2026-06-21","passed","2026-06-21","TestTimeFilter","test_time_filter","",""
"","4067","test_unsubscribe_from_some_content_topics[content_topic_list0]","tests.sharding","2026-06-21","passed","2026-06-21","TestRelayAutosharding","test_relay_auto_sharding","",""
"","837","test_store_with_invalid_hash","tests.store","2026-06-21","passed","2026-06-21","TestHashes","test_hashes","",""
"","66928","test_store_filter_interaction_with_six_nodes","tests.e2e","2026-06-21","passed","2026-06-21","TestE2E","test_e2e","",""
"","2627","test_single_pubsub_topic[/waku/2/rs/5/999]","tests.sharding","2026-06-21","passed","2026-06-21","TestRunningNodesStaticSharding","test_running_nodes_static_sharding","",""
"","4","test_publish_on_non_subscribed_pubsub_topic","tests.relay","2026-06-21","passed","2026-06-21","TestRelayPublish","test_publish","",""
"","462","test_message_relayed_while_store_node_is_paused","tests.store","2026-06-21","passed","2026-06-21","TestReliability","test_reliability","",""
"","3927","test_filter_works_with_auto_sharding","tests.sharding","2026-06-21","passed","2026-06-21","TestFilterAutoSharding","test_filter","",""
"","375","test_filter_get_message_after_node_pauses_and_pauses","tests.filter","2026-06-21","passed","2026-06-21","TestFilterGetMessages","test_get_messages","",""
"","0","test_s20_store_misses_initially_then_retry_succeeds","tests.wrappers_tests","2026-06-21","skipped","2026-06-21","TestS20StoreMissesInitiallyThenRetrySucceeds","test_send_relay_propagation","",""
"","129","test_light_push_with_valid_meta","tests.light_push","2026-06-21","passed","2026-06-21","TestLightPushPublish","test_publish","",""
"","2961","test_on_postgress_db_with_one_message","tests.store","2026-06-21","passed","2026-06-21","TestExternalDb","test_external_db","",""
"S08: no store peer → Propagated only.","32037","test_s08_relay_fallback_to_lightpush","tests.wrappers_tests","2026-06-21","skipped","2026-06-21","TestRelayToLightpushFallback","test_send_lightpush_and_edge","",""
"","3","test_filter_unsubscribe_with_no_pubsub_topic","tests.filter","2026-06-21","passed","2026-06-21","TestFilterUnSubscribe","test_unsubscribe","",""
"","25","test_light_push_with_invalid_timestamps","tests.light_push","2026-06-21","passed","2026-06-21","TestLightPushPublish","test_publish","",""
"","674","test_publishing_node_is_stopped","tests.store","2026-06-21","passed","2026-06-21","TestReliability","test_reliability","",""
"","122999","test_store_sync_overlap_sync_window","tests.store_sync","2026-06-21","passed","2026-06-21","TestStoreSync","test_store_sync","",""
"","2647","test_2_nodes_different_content_topic_same_shard","tests.sharding","2026-06-21","passed","2026-06-21","TestRunningNodesAutosharding","test_running_nodes_auto_sharding","",""
"","1242","test_get_debug_version_is_string","tests.rest_flags","2026-06-21","passed","2026-06-21","TestDebugFlags","test_debug_flags","",""
"","14903","test_large_message_payload_sync","tests.store_sync","2026-06-21","passed","2026-06-21","TestStoreSync","test_store_sync","",""
"","3931","test_store_lightpushed_message","tests.store","2026-06-21","passed","2026-06-21","TestRunningNodes","test_running_nodes","",""
"","0","test_peer_store_content_after_node2_restarts","tests.peer_connection_management","2026-06-21","skipped","2026-06-21","TestPeerStore","test_peer_store","",""
"","2656","test_retrieve_messages_without_subscribing_via_api","tests.sharding","2026-06-21","passed","2026-06-21","TestRelayAutosharding","test_relay_auto_sharding","",""
"","4347","test_multiple_content_topics_and_multiple_pubsub_topics","tests.sharding","2026-06-21","passed","2026-06-21","TestRunningNodesAutosharding","test_running_nodes_auto_sharding","",""
"","3241","test_subscribe_via_api_to_new_content_topics[content_topic_list0]","tests.sharding","2026-06-21","passed","2026-06-21","TestRelayAutosharding","test_relay_auto_sharding","",""
"","4","test_filter_update_subscription_with_no_content_topic","tests.filter","2026-06-21","passed","2026-06-21","TestFilterSubscribeUpdate","test_subscribe_update","",""
"","8318","test_different_cursor_and_indexes[10-40]","tests.store","2026-06-21","passed","2026-06-21","TestCursor","test_cursor","",""
"","38289","test_store_node_not_connected_directly_to_lightpushing_node","tests.e2e","2026-06-21","passed","2026-06-21","TestE2E","test_e2e","",""
"","9","test_filter_ping_on_subscribed_peer","tests.filter","2026-06-21","passed","2026-06-21","TestFilterPing","test_ping","",""
"","1255","test_time_filter_negative_end_time","tests.store","2026-06-21","passed","2026-06-21","TestTimeFilter","test_time_filter","",""
"","114","test_publish_with_no_timestamp","tests.relay","2026-06-21","passed","2026-06-21","TestRelayPublish","test_publish","",""
"","53701","test_store_sync_five_node_mesh_burst","tests.store_sync","2026-06-21","passed","2026-06-21","TestStoreSync","test_store_sync","",""
"","6890","test_admin_connected_peers_on_shard_contains_all_three","tests.rest_flags","2026-06-21","passed","2026-06-21","TestAdminFlags","test_admin_flags","",""
"","3783","test_filter_subscribe_to_29_content_topics_in_separate_calls","tests.filter","2026-06-21","passed","2026-06-21","TestFilterSubscribeCreate","test_subscribe_create","",""
"","5","test_store_with_empty_pubsub_topics","tests.store","2026-06-21","passed","2026-06-21","TestTopics","test_topics","",""
"","17080","test_different_page_size[81]","tests.store","2026-06-21","passed","2026-06-21","TestPageSize","test_page_size","",""
"","11018","test_s05_send_fails_when_auto_subscribe_fails[empty-middle-segment]","tests.wrappers_tests","2026-06-21","passed","2026-06-21","TestS05AutoSubscribeFailureBeforeTaskCreation","test_send_handle_and_subscription","",""
"","3518","test_unsubscribe_from_all_pubsub_topics","tests.sharding","2026-06-21","passed","2026-06-21","TestRelayStaticSharding","test_relay_static_sharding","",""
"","16426","test_add_peers","tests.peer_connection_management","2026-06-21","passed","2026-06-21","TestPeerStore","test_peer_store","",""
"","0","test_publish_and_retrieve_100_messages","tests.relay","2026-06-21","skipped","2026-06-21","TestRelayPublish","test_publish","",""
"","6","test_store_with_unknown_content_topic","tests.store","2026-06-21","passed","2026-06-21","TestTopics","test_topics","",""
"","4055","test_unsubscribe_from_some_pubsub_topics","tests.sharding","2026-06-21","passed","2026-06-21","TestRelayStaticSharding","test_relay_static_sharding","",""
"","4","test_filter_subscribe_with_no_request_id","tests.filter","2026-06-21","passed","2026-06-21","TestFilterSubscribeCreate","test_subscribe_create","",""
"","6773","test_multiple_receiving_nodes","tests.light_push","2026-06-21","passed","2026-06-21","TestMultipleNodes","test_multiple_nodes","",""
"","3509","test_subscribe_one_by_one_to_different_pubsub_topics_and_send_messages","tests.sharding","2026-06-21","passed","2026-06-21","TestRelayStaticSharding","test_relay_static_sharding","",""
"","219","test_store_with_peerAddr","tests.store","2026-06-21","passed","2026-06-21","TestApiFlags","test_api_flags","",""
"","2608","test_retrieve_messages_without_subscribing_via_api","tests.sharding","2026-06-21","passed","2026-06-21","TestRelayStaticSharding","test_relay_static_sharding","",""
"","90167","test_relay_4_nodes_sender_packet_loss_delivery_ratio_simple[loss40]","tests.e2e","2026-06-21","passed","2026-06-21","TestNetworkConditions","test_network_conditions","",""
"","139","test_light_push_and_retrieve_duplicate_message","tests.light_push","2026-06-21","passed","2026-06-21","TestLightPushPublish","test_publish","",""
"","300000","test_valid_payloads_with_optional_nodes_at_slow_rate","tests.relay","2026-06-21","failed","2026-06-21","TestRelayRLN","test_rln","",""
"","2613","test_content_topic_also_in_docker_flags[/toychat/2/huilong/proto]","tests.sharding","2026-06-21","passed","2026-06-21","TestRunningNodesStaticSharding","test_running_nodes_static_sharding","",""
"","13033","test_relay_different_latency_between_two_nodes[200]","tests.e2e","2026-06-21","passed","2026-06-21","TestNetworkConditions","test_network_conditions","",""
"","11012","test_auto_port_starts_node_with_tcp_and_discv5_zero","tests.wrappers_tests","2026-06-21","passed","2026-06-21","TestWrapperAutoPortAllocation","test_wrapper_corner_cases","",""
"","130","test_light_push_with_no_timestamp","tests.light_push","2026-06-21","passed","2026-06-21","TestLightPushPublish","test_publish","",""
"","4","test_filter_unsubscribe_with_extra_field","tests.filter","2026-06-21","passed","2026-06-21","TestFilterUnSubscribe","test_unsubscribe","",""
"","4","test_publish_with_invalid_meta","tests.relay","2026-06-21","passed","2026-06-21","TestRelayPublish","test_publish","",""
"","127","test_last_node_to_start_publishes","tests.relay","2026-06-21","passed","2026-06-21","TestRelayMultipleNodes","test_multiple_nodes","",""
"","211","test_get_store_messages_with_wrong_typo_content_topic","tests.store","2026-06-21","passed","2026-06-21","TestApiFlags","test_api_flags","",""
"","775","test_filter_get_message_with_valid_timestamps","tests.filter","2026-06-21","passed","2026-06-21","TestFilterGetMessages","test_get_messages","",""
"","255","test_filter_update_subscription_add_a_new_content_topic","tests.filter","2026-06-21","passed","2026-06-21","TestFilterSubscribeUpdate","test_subscribe_update","",""
"","2631","test_single_pubsub_topic[/waku/2/rs/5/0]","tests.sharding","2026-06-21","passed","2026-06-21","TestRunningNodesStaticSharding","test_running_nodes_static_sharding","",""
"","3121","test_main_node_full__peer_full","tests.light_push","2026-06-21","passed","2026-06-21","TestRunningNodes","test_running_nodes","",""
"","392","test_filter_subscribe_to_pubsub_topics_from_multiple_clusters","tests.filter","2026-06-21","passed","2026-06-21","TestFilterSubscribeCreate","test_subscribe_create","",""
"","96098","test_relay_4_nodes_two_publishers_compare_latency","tests.e2e","2026-06-21","passed","2026-06-21","TestNetworkConditions","test_network_conditions","",""
"","1206","test_verify_node_version2","tests.rest_flags","2026-06-21","failed","2026-06-21","TestDebugFlags","test_debug_flags","",""
"","32036","test_s10_edge_lightpush_propagation","tests.wrappers_tests","2026-06-21","skipped","2026-06-21","TestS10EdgeSenderLightpushOnly","test_send_lightpush_and_edge","",""
"","7","test_valid_payload_at_variable_rate","tests.relay","2026-06-21","broken","2026-06-21","TestRelayRLN","test_rln","",""
"","1175","test_filter_unsubscribe_all_from_multiple_pubsub_topics","tests.filter","2026-06-21","passed","2026-06-21","TestFilterUnSubscribeAll","test_unsubscribe_all","",""
"","3523","test_unsubscribe_from_all_content_topics","tests.sharding","2026-06-21","passed","2026-06-21","TestRelayAutosharding","test_relay_auto_sharding","",""
"","4596","test_publish_with_valid_content_topics","tests.relay","2026-06-21","passed","2026-06-21","TestRelayPublish","test_publish","",""
"","3403","test_filter_static_sharding_multiple_shards","tests.sharding","2026-06-21","passed","2026-06-21","TestFilterStaticSharding","test_filter","",""
"","11013","test_concrete_ports_are_respected","tests.wrappers_tests","2026-06-21","passed","2026-06-21","TestWrapperAutoPortAllocation","test_wrapper_corner_cases","",""
"","13014","test_s25_ephemeral_lightpush_with_store","tests.wrappers_tests","2026-06-21","passed","2026-06-21","TestS25EphemeralLightpushWithStore","test_send_lightpush_and_edge","",""
"","5","test_filter_subscribe_with_extra_field","tests.filter","2026-06-21","passed","2026-06-21","TestFilterSubscribeCreate","test_subscribe_create","",""
"","8359","test_multiple_lightpush_nodes","tests.light_push","2026-06-21","passed","2026-06-21","TestMultipleNodes","test_multiple_nodes","",""
"","4","test_filter_update_subscription_with_invalid_request_id","tests.filter","2026-06-21","passed","2026-06-21","TestFilterSubscribeUpdate","test_subscribe_update","",""
"","69083","test_s23_no_sent_event_when_relay_has_no_store","tests.wrappers_tests","2026-06-21","passed","2026-06-21","TestS23NoSentEventWhenRelayHasNoStore","test_send_relay_propagation","",""
"","377","test_publish_after_node_pauses_and_pauses","tests.relay","2026-06-21","passed","2026-06-21","TestRelayPublish","test_publish","",""
"","2613","test_single_pubsub_topic[/waku/2/rs/8/0]","tests.sharding","2026-06-21","passed","2026-06-21","TestRunningNodesStaticSharding","test_running_nodes_static_sharding","",""
"","14","test_filter_unsubscribe_all_on_peer_with_no_subscription","tests.filter","2026-06-21","passed","2026-06-21","TestFilterUnSubscribeAll","test_unsubscribe_all","",""
"","863","test_relay_unsubscribe_from_some_pubsub_topics","tests.relay","2026-06-21","passed","2026-06-21","TestRelaySubscribe","test_subscribe","",""
"","4475","test_subscribe_one_by_one_to_different_content_topics_and_send_messages","tests.sharding","2026-06-21","passed","2026-06-21","TestRelayAutosharding","test_relay_auto_sharding","",""
"","22587","test_relay_with_latency_between_two_nodes","tests.e2e","2026-06-21","passed","2026-06-21","TestNetworkConditions","test_network_conditions","",""
"","7","test_store_with_unknown_pubsub_topic_but_known_content_topic","tests.store","2026-06-21","passed","2026-06-21","TestTopics","test_topics","",""
"","25580","test_sync_flags_no_relay_2nodes","tests.store_sync","2026-06-21","passed","2026-06-21","TestStoreSync","test_store_sync","",""
"","1186","test_verify_node_info","tests.rest_flags","2026-06-21","passed","2026-06-21","TestDebugFlags","test_debug_flags","",""
"","2747","test_main_node_relay_and_store__peer_only_store","tests.store","2026-06-21","passed","2026-06-21","TestRunningNodes","test_running_nodes","",""
"","134","test_first_node_to_start_publishes","tests.relay","2026-06-21","passed","2026-06-21","TestRelayMultipleNodes","test_multiple_nodes","",""
"","144267","test_relay_packet_loss_sender_vs_receiver","tests.e2e","2026-06-21","passed","2026-06-21","TestNetworkConditions","test_network_conditions","",""
"","12013","test_s30_concurrent_sends_during_auto_subscribe","tests.wrappers_tests","2026-06-21","passed","2026-06-21","TestS30ConcurrentSendsDuringAutoSubscribe","test_send_errors_and_concurrency","",""
"","2554","test_main_node_relay_lightpush__peer_only_relay","tests.light_push","2026-06-21","passed","2026-06-21","TestRunningNodes","test_running_nodes","",""
"","4461","test_resubscribe_to_unsubscribed_content_topics","tests.sharding","2026-06-21","passed","2026-06-21","TestRelayAutosharding","test_relay_auto_sharding","",""
"","841","test_store_with_non_hex_hash","tests.store","2026-06-21","passed","2026-06-21","TestHashes","test_hashes","",""
"","7","test_valid_payloads_at_spam_rate","tests.relay","2026-06-21","broken","2026-06-21","TestRelayRLN","test_rln","",""
"","38124","test_store_sync_range_with_zero_jitter","tests.store_sync","2026-06-21","passed","2026-06-21","TestStoreSync","test_store_sync","",""
"","93137","test_relay_packet_loss_applied_mid_way","tests.e2e","2026-06-21","passed","2026-06-21","TestNetworkConditions","test_network_conditions","",""
"","6256","test_metrics_initial_value","tests.metrics","2026-06-21","failed","2026-06-21","TestMetrics","test_metrics","",""
"","259","test_light_push_with_ephemeral","tests.light_push","2026-06-21","passed","2026-06-21","TestLightPushPublish","test_publish","",""
"","3437","test_multiple_content_topics_same_shard[content_topic_list0]","tests.sharding","2026-06-21","passed","2026-06-21","TestRunningNodesAutosharding","test_running_nodes_auto_sharding","",""
"","131","test_light_push_with_valid_version","tests.light_push","2026-06-21","passed","2026-06-21","TestLightPushPublish","test_publish","",""
"","39564","test_multiple_edge_service_nodes_communication","tests.e2e","2026-06-21","passed","2026-06-21","TestE2E","test_e2e","",""
"","8673","test_get_store_messages_with_different_payloads","tests.store","2026-06-21","passed","2026-06-21","TestGetMessages","test_get_messages","",""
"","3217","test_log_level_ERROR_from_WARN","tests.rest_flags","2026-06-21","passed","2026-06-21","TestAdminFlags","test_admin_flags","",""
"","2567","test_single_content_topic[/waku/2/content/test.js]","tests.sharding","2026-06-21","passed","2026-06-21","TestRunningNodesAutosharding","test_running_nodes_auto_sharding","",""
"","4","test_filter_subscribe_with_no_pubsub_topic","tests.filter","2026-06-21","passed","2026-06-21","TestFilterSubscribeCreate","test_subscribe_create","",""
"","245","test_relay_subscribe_to_already_existing_pubsub_topic","tests.relay","2026-06-21","passed","2026-06-21","TestRelaySubscribe","test_subscribe","",""
"","2637","test_filter_works_with_static_sharding","tests.sharding","2026-06-21","passed","2026-06-21","TestFilterStaticSharding","test_filter","",""
"","2492","test_admin_peer_by_id","tests.rest_flags","2026-06-21","passed","2026-06-21","TestAdminFlags","test_admin_flags","",""
"","28163","test_relay_2_nodes_temporary_blackout_recovers_no_helpers","tests.e2e","2026-06-21","passed","2026-06-21","TestNetworkConditions","test_network_conditions","",""
"","847","test_message_with_both_ephemeral_true_and_false","tests.store","2026-06-21","passed","2026-06-21","TestEphemeral","test_ephemeral","",""
"","22","test_filter_ping_on_peer_without_subscription","tests.filter","2026-06-21","passed","2026-06-21","TestFilterPing","test_ping","",""
"","4179","test_different_cursor_and_indexes[3-20]","tests.store","2026-06-21","passed","2026-06-21","TestCursor","test_cursor","",""
"","1743","test_filter_get_50_messages","tests.filter","2026-06-21","passed","2026-06-21","TestFilterGetMessages","test_get_messages","",""
"","2087","test_cursor_near_end","tests.store","2026-06-21","passed","2026-06-21","TestCursor","test_cursor","",""
"Sender isolated at T0; lightpush peer appears, then relay peer.","16017","test_s18_lightpush_first_then_relay","tests.wrappers_tests","2026-06-21","passed","2026-06-21","TestS18StagedTopologyReformation","test_send_lightpush_and_edge","",""
"","5","test_store_without_encoding_pubsubtopic","tests.store","2026-06-21","passed","2026-06-21","TestTopics","test_topics","",""
"","117","test_filter_get_message_with_meta","tests.filter","2026-06-21","passed","2026-06-21","TestFilterGetMessages","test_get_messages","",""
"","2089","test_store_sort_ascending[false]","tests.store","2026-06-21","passed","2026-06-21","TestSorting","test_sorting","",""
"","5555","test_metrics_after_filter_get","tests.metrics","2026-06-21","passed","2026-06-21","TestMetrics","test_metrics","",""
"","2791","test_main_node_only_relay__peer_relay_and_store","tests.store","2026-06-21","passed","2026-06-21","TestRunningNodes","test_running_nodes","",""
"","7","test_filter_ping_without_request_id","tests.filter","2026-06-21","passed","2026-06-21","TestFilterPing","test_ping","",""
"","2650","test_main_node_relay_and_store__peer_neither_relay_nor_store","tests.store","2026-06-21","passed","2026-06-21","TestRunningNodes","test_running_nodes","",""
"","246","test_relay_unsubscribe_from_non_existing_pubsub_topic","tests.relay","2026-06-21","passed","2026-06-21","TestRelaySubscribe","test_subscribe","",""
"","12","test_filter_subscribe_to_101_content_topics","tests.filter","2026-06-21","passed","2026-06-21","TestFilterSubscribeCreate","test_subscribe_create","",""
"","1290","test_messages_with_timestamps_close_to_now","tests.store","2026-06-21","passed","2026-06-21","TestTimeFilter","test_time_filter","",""
"","11016","test_s05_send_fails_when_auto_subscribe_fails[no-leading-slash]","tests.wrappers_tests","2026-06-21","passed","2026-06-21","TestS05AutoSubscribeFailureBeforeTaskCreation","test_send_handle_and_subscription","",""
"","4355","test_check_sync_when_all_3_nodes_publish","tests.store_sync","2026-06-21","passed","2026-06-21","TestStoreSync","test_store_sync","",""
"","842","test_store_invalid_ascending","tests.store","2026-06-21","passed","2026-06-21","TestSorting","test_sorting","",""
"","0","test_s01_send_on_uninitialized_handle","tests.wrappers_tests","2026-06-21","skipped","2026-06-21","TestS01NilOrUninitializedHandle","test_send_handle_and_subscription","",""
"","2499","test_admin_peers_stats_schema","tests.rest_flags","2026-06-21","passed","2026-06-21","TestAdminFlags","test_admin_flags","",""
"","4110","test_optional_nodes_not_subscribed_to_same_topic","tests.filter","2026-06-21","passed","2026-06-21","TestFilterMultipleNodes","test_multiple_nodes","",""
"","3090","test_pubsub_topic_not_in_docker_flags","tests.sharding","2026-06-21","passed","2026-06-21","TestRunningNodesStaticSharding","test_running_nodes_static_sharding","",""
"","19025","test_s02_send_without_explicit_subscribe","tests.wrappers_tests","2026-06-21","passed","2026-06-21","TestS02AutoSubscribeOnFirstSend","test_send_handle_and_subscription","",""
"","1982","test_get_store_messages_with_different_pubsub_topics","tests.store","2026-06-21","passed","2026-06-21","TestGetMessages","test_get_messages","",""
"","424","test_light_push_after_node_pauses_and_pauses","tests.light_push","2026-06-21","passed","2026-06-21","TestLightPushPublish","test_publish","",""
"","335443","test_latency_with_load_sender_side","tests.e2e","2026-06-21","passed","2026-06-21","TestNetworkConditions","test_network_conditions","",""
"","2610","test_publish_on_multiple_pubsub_topics_and_only_after_fetch_them","tests.sharding","2026-06-21","passed","2026-06-21","TestRelayStaticSharding","test_relay_static_sharding","",""
"","25","test_publish_with_invalid_timestamps","tests.relay","2026-06-21","passed","2026-06-21","TestRelayPublish","test_publish","",""
"","10","test_valid_payloads_with_optional_nodes_at_spam_rate","tests.relay","2026-06-21","broken","2026-06-21","TestRelayRLN","test_rln","",""
"","2623","test_single_content_topic[/app/22/sometopic/someencoding]","tests.sharding","2026-06-21","passed","2026-06-21","TestRunningNodesAutosharding","test_running_nodes_auto_sharding","",""
"","2648","test_2_nodes_different_content_topic_different_shard","tests.sharding","2026-06-21","passed","2026-06-21","TestRunningNodesAutosharding","test_running_nodes_auto_sharding","",""
"","9","test_store_with_not_valid_content_topic","tests.store","2026-06-21","passed","2026-06-21","TestTopics","test_topics","",""
"","5018","test_admin_peers_stats_counts","tests.rest_flags","2026-06-21","passed","2026-06-21","TestAdminFlags","test_admin_flags","",""
"","353","test_filter_resubscribe_to_unsubscribed_topics","tests.filter","2026-06-21","passed","2026-06-21","TestFilterUnSubscribe","test_unsubscribe","",""
"","2755","test_subscribe_and_publish_on_another_content_topic_from_same_shard","tests.sharding","2026-06-21","passed","2026-06-21","TestRelayAutosharding","test_relay_auto_sharding","",""
"","0","test_sync_nodes_are_relay","tests.store_sync","2026-06-21","skipped","2026-06-21","TestStoreSync","test_store_sync","",""
"","11013","test_auto_port_per_field[metricsServerPort-metrics-enable_service4-8008]","tests.wrappers_tests","2026-06-21","passed","2026-06-21","TestWrapperAutoPortAllocation","test_wrapper_corner_cases","",""
"","11010","test_s05_send_fails_when_auto_subscribe_fails[empty]","tests.wrappers_tests","2026-06-21","passed","2026-06-21","TestS05AutoSubscribeFailureBeforeTaskCreation","test_send_handle_and_subscription","",""
"","12014","test_s29_send_on_topics_mapping_to_different_shards","tests.wrappers_tests","2026-06-21","passed","2026-06-21","TestS29SendOnTopicsMappingToDifferentShards","test_send_relay_propagation","",""
"","9105","test_start_node_with_50_pubsub_topics","tests.sharding","2026-06-21","passed","2026-06-21","TestRunningNodesStaticSharding","test_running_nodes_static_sharding","",""
"","3789","test_admin_service_peers_contains_expected_addrs_and_protocols","tests.rest_flags","2026-06-21","passed","2026-06-21","TestAdminFlags","test_admin_flags","",""
"","5687","test_filter","tests.discv5","2026-06-21","passed","2026-06-21","TestDiscv5","test_discv5","",""
"","3575","test_unsubscribe_from_all_content_topics_one_by_one","tests.sharding","2026-06-21","passed","2026-06-21","TestRelayAutosharding","test_relay_auto_sharding","",""
"","1268","test_time_filter_zero_start_time","tests.store","2026-06-21","passed","2026-06-21","TestTimeFilter","test_time_filter","",""
"","17","test_filter_update_subscription_with_invalid_content_topic_format","tests.filter","2026-06-21","passed","2026-06-21","TestFilterSubscribeUpdate","test_subscribe_update","",""
"","34751","test_three_store_sync_exchange","tests.store_sync","2026-06-21","passed","2026-06-21","TestStoreSync","test_store_sync","",""
"","52061","test_s16_lightpush_peer_appears_later","tests.wrappers_tests","2026-06-21","skipped","2026-06-21","TestS16LightpushPeerAppearsLater","test_send_lightpush_and_edge","",""
"","4","test_light_push_with_missing_payload","tests.light_push","2026-06-21","passed","2026-06-21","TestLightPushPublish","test_publish","",""
"","19026","test_s03_send_on_already_subscribed_content_topic","tests.wrappers_tests","2026-06-21","passed","2026-06-21","TestS03SendOnAlreadySubscribedTopic","test_send_handle_and_subscription","",""
"","6234","test_default_page_size","tests.store","2026-06-21","passed","2026-06-21","TestPageSize","test_page_size","",""
"","69082","test_s21_error_when_retry_window_expires","tests.wrappers_tests","2026-06-21","passed","2026-06-21","TestS21ErrorWhenRetryWindowExpires","test_send_errors_and_concurrency","",""
"","21","test_filter_subscribe_with_invalid_content_topic_format","tests.filter","2026-06-21","passed","2026-06-21","TestFilterSubscribeCreate","test_subscribe_create","",""
"","13","test_filter_update_subscription_add_101_new_content_topics","tests.filter","2026-06-21","passed","2026-06-21","TestFilterSubscribeUpdate","test_subscribe_update","",""
"","5977","test_get_peers_for_filter_node","tests.peer_exchange","2026-06-21","passed","2026-06-21","TestPeerExchange","test_peer_exchange","",""
"","1249","test_time_filter_start_time_after_end_time","tests.store","2026-06-21","passed","2026-06-21","TestTimeFilter","test_time_filter","",""
"","2542","test_cant_retrieve_messages_on_not_subscribed_content_topic","tests.sharding","2026-06-21","passed","2026-06-21","TestRelayAutosharding","test_relay_auto_sharding","",""
"","1113","test_store_node_restarts","tests.store","2026-06-21","passed","2026-06-21","TestReliability","test_reliability","",""
"","3337","test_single_pubsub_topic[/waku/2/rs/2/0]","tests.sharding","2026-06-21","passed","2026-06-21","TestRunningNodesStaticSharding","test_running_nodes_static_sharding","",""
"","231","test_on_empty_postgress_db","tests.store","2026-06-21","passed","2026-06-21","TestExternalDb","test_external_db","",""
"","3588","test_unsubscribe_from_all_pubsub_topics_one_by_one","tests.sharding","2026-06-21","passed","2026-06-21","TestRelayStaticSharding","test_relay_static_sharding","",""
"","246","test_filter_unsubscribe_from_all_subscribed_content_topics","tests.filter","2026-06-21","passed","2026-06-21","TestFilterUnSubscribe","test_unsubscribe","",""
"","128","test_relay_subscribe_to_single_pubsub_topic","tests.relay","2026-06-21","passed","2026-06-21","TestRelaySubscribe","test_subscribe","",""
"","1133","test_filter_unsubscribe_all_from_few_content_topics","tests.filter","2026-06-21","passed","2026-06-21","TestFilterUnSubscribeAll","test_unsubscribe_all","",""
"","2096","test_passing_cursor_of_the_last_message_from_the_store","tests.store","2026-06-21","passed","2026-06-21","TestCursor","test_cursor","",""
"","118143","test_s19_store_peer_appears_after_propagation","tests.wrappers_tests","2026-06-21","skipped","2026-06-21","TestS19StorePeerAppearsAfterPropagation","test_send_relay_propagation","",""
"","2622","test_single_pubsub_topic[/waku/2/rs/5/1]","tests.sharding","2026-06-21","passed","2026-06-21","TestRunningNodesStaticSharding","test_running_nodes_static_sharding","",""
"","4","test_filter_unsubscribe_all_with_invalid_request_id","tests.filter","2026-06-21","passed","2026-06-21","TestFilterUnSubscribeAll","test_unsubscribe_all","",""
"","4096","test_check_sync_when_2_nodes_publish","tests.store_sync","2026-06-21","passed","2026-06-21","TestStoreSync","test_store_sync","",""
"","12013","test_s13_relay_hard_failure_without_fallback","tests.wrappers_tests","2026-06-21","passed","2026-06-21","TestS13RelayHardFailureWithoutFallback","test_send_errors_and_concurrency","",""
"","147947","test_continuous_store_sync","tests.store_sync","2026-06-21","passed","2026-06-21","TestStoreSync","test_store_sync","",""
"","61070","test_s12_send_with_no_peers_produces_error","tests.wrappers_tests","2026-06-21","passed","2026-06-21","TestS12IsolatedSenderNoPeers","test_send_errors_and_concurrency","",""
"","3830","test_2_receiving_nodes__relay_node1_forwards_lightpushed_message_to_relay_node2","tests.light_push","2026-06-21","passed","2026-06-21","TestMultipleNodes","test_multiple_nodes","",""
"","1081","test_light_push_with_payload_of_1_MB","tests.light_push","2026-06-21","passed","2026-06-21","TestLightPushPublish","test_publish","",""
"","51127","test_relay_4_nodes_sender_latency","tests.e2e","2026-06-21","passed","2026-06-21","TestNetworkConditions","test_network_conditions","",""
"","3781","test_admin_peers_mesh_on_shard_contains_node2","tests.rest_flags","2026-06-21","passed","2026-06-21","TestAdminFlags","test_admin_flags","",""
"Sender isolated at T0; relay peer appears, then lightpush peer.","16018","test_s18_relay_first_then_lightpush","tests.wrappers_tests","2026-06-21","passed","2026-06-21","TestS18StagedTopologyReformation","test_send_lightpush_and_edge","",""
"","103061","test_store_sync_after_partition_under_100_msgs","tests.store_sync","2026-06-21","passed","2026-06-21","TestStoreSync","test_store_sync","",""
"","2085","test_empty_cursor","tests.store","2026-06-21","passed","2026-06-21","TestCursor","test_cursor","",""
"","0","test_idle_filter_subscriptions_for_more_than_5_nodes","tests.filter","2026-06-21","skipped","2026-06-21","TestIdleSubscriptions","test_idle_subscriptions","",""
"","267","test_relay_resubscribe_to_unsubscribed_pubsub_topic","tests.relay","2026-06-21","passed","2026-06-21","TestRelaySubscribe","test_subscribe","",""
"","3477","test_relay_peers_on_shard_schema","tests.rest_flags","2026-06-21","passed","2026-06-21","TestAdminFlags","test_admin_flags","",""
"","26642","test_relay_different_latency_between_two_nodes[7000]","tests.e2e","2026-06-21","passed","2026-06-21","TestNetworkConditions","test_network_conditions","",""
"","3","test_filter_unsubscribe_with_content_topic_string_instead_of_list","tests.filter","2026-06-21","passed","2026-06-21","TestFilterUnSubscribe","test_unsubscribe","",""
"","9","test_valid_payloads_at_slow_rate","tests.relay","2026-06-21","broken","2026-06-21","TestRelayRLN","test_rln","",""
"","4","test_store_with_wrong_encoding_pubsubtopic","tests.store","2026-06-21","passed","2026-06-21","TestTopics","test_topics","",""
"","236","test_filter_unsubscribe_from_single_content_topic","tests.filter","2026-06-21","passed","2026-06-21","TestFilterUnSubscribe","test_unsubscribe","",""
"","4","test_publish_with_missing_payload","tests.relay","2026-06-21","passed","2026-06-21","TestRelayPublish","test_publish","",""
"","19028","test_s04_unsubscribe_then_send_same_content_topic","tests.wrappers_tests","2026-06-21","passed","2026-06-21","TestS04UnsubscribeThenSendSameTopic","test_send_handle_and_subscription","",""
"","123276","test_store_sync_high_jitter_stress","tests.store_sync","2026-06-21","passed","2026-06-21","TestStoreSync","test_store_sync","",""
"","11012","test_auto_port_per_field[restPort-rest-enable_service3-8645]","tests.wrappers_tests","2026-06-21","passed","2026-06-21","TestWrapperAutoPortAllocation","test_wrapper_corner_cases","",""
"","3524","test_relay_peers_on_shard_contains_connected_peer","tests.rest_flags","2026-06-21","passed","2026-06-21","TestAdminFlags","test_admin_flags","",""
"","19026","test_s22_non_ephemeral_message_with_reliability_disabled","tests.wrappers_tests","2026-06-21","passed","2026-06-21","TestS22NonEphemeralWithReliabilityDisabled","test_send_relay_propagation","",""
"","894","test_light_push_with_valid_timestamps","tests.light_push","2026-06-21","passed","2026-06-21","TestLightPushPublish","test_publish","",""
"","13507","test_filter_subscribe_to_100_content_topics_in_one_call","tests.filter","2026-06-21","passed","2026-06-21","TestFilterSubscribeCreate","test_subscribe_create","",""
"","5","test_store_with_wrong_url_content_topic","tests.store","2026-06-21","passed","2026-06-21","TestTopics","test_topics","",""
"","424","test_different_page_size[1]","tests.store","2026-06-21","passed","2026-06-21","TestPageSize","test_page_size","",""
"","187","test_message_light_pushed_on_different_pubsub_topic_is_not_retrieved","tests.light_push","2026-06-21","passed","2026-06-21","TestLightPushPublish","test_publish","",""
"","19030","test_s14_oversized_message_triggers_error","tests.wrappers_tests","2026-06-21","passed","2026-06-21","TestS14LightpushNonRetryableError","test_send_lightpush_and_edge","",""
"","988","test_light_push_after_receiving_node_restarts","tests.light_push","2026-06-21","passed","2026-06-21","TestLightPushPublish","test_publish","",""
"","2626","test_single_content_topic[/app/29/sometopic/someencoding]","tests.sharding","2026-06-21","passed","2026-06-21","TestRunningNodesAutosharding","test_running_nodes_auto_sharding","",""
"","2644","test_single_pubsub_topic[/waku/2/rs/999/999]","tests.sharding","2026-06-21","passed","2026-06-21","TestRunningNodesStaticSharding","test_running_nodes_static_sharding","",""
"","9415","test_metrics_after_light_push","tests.metrics","2026-06-21","passed","2026-06-21","TestMetrics","test_metrics","",""
"","233","test_filter_unsubscribe_with_very_large_request_id","tests.filter","2026-06-21","passed","2026-06-21","TestFilterUnSubscribe","test_unsubscribe","",""
"","16184","test_get_peers","tests.peer_connection_management","2026-06-21","passed","2026-06-21","TestPeerStore","test_peer_store","",""
"","8946","test_sync_with_nodes_restart__case1","tests.store_sync","2026-06-21","passed","2026-06-21","TestStoreSync","test_store_sync","",""
"","3961","test_main_node_only_lightpush__peer_full","tests.light_push","2026-06-21","passed","2026-06-21","TestRunningNodes","test_running_nodes","",""
"","8","test_valid_payloads_random_user_message_limit","tests.relay","2026-06-21","broken","2026-06-21","TestRelayRLN","test_rln","",""
"","702","test_filter_unsubscribe_from_pubsub_topics","tests.filter","2026-06-21","passed","2026-06-21","TestFilterUnSubscribe","test_unsubscribe","",""
"","1255","test_time_filter_matches_one_message","tests.store","2026-06-21","passed","2026-06-21","TestTimeFilter","test_time_filter","",""
"","27","test_filter_ping_on_unsubscribed_peer","tests.filter","2026-06-21","passed","2026-06-21","TestFilterPing","test_ping","",""
"","23731","test_relay_2_nodes_low_bandwidth_sending_over_time","tests.e2e","2026-06-21","passed","2026-06-21","TestNetworkConditions","test_network_conditions","",""
"","2540","test_admin_set_all_log_levels","tests.rest_flags","2026-06-21","passed","2026-06-21","TestAdminFlags","test_admin_flags","",""
"","43743","test_chain_of_relay_nodes","tests.e2e","2026-06-21","passed","2026-06-21","TestE2E","test_e2e","",""
"","28213","test_node_without_sync_or_relay_stays_empty","tests.store_sync","2026-06-21","passed","2026-06-21","TestStoreSync","test_store_sync","",""
"","101970","test_store_sync_long_chain","tests.store_sync","2026-06-21","passed","2026-06-21","TestStoreSync","test_store_sync","",""
"","5222","test_light_push_with_valid_payloads","tests.light_push","2026-06-21","passed","2026-06-21","TestLightPushPublish","test_publish","",""
"","18","test_light_push_with_invalid_payloads","tests.light_push","2026-06-21","passed","2026-06-21","TestLightPushPublish","test_publish","",""
"","4","test_filter_subscribe_with_no_content_topic","tests.filter","2026-06-21","passed","2026-06-21","TestFilterSubscribeCreate","test_subscribe_create","",""
"","360768","test_valid_payloads_dynamic_at_slow_rate","tests.relay","2026-06-21","broken","2026-06-21","TestRelayRLN","test_rln","",""
"","3258","test_log_level_INFO_from_DEBUG","tests.rest_flags","2026-06-21","passed","2026-06-21","TestAdminFlags","test_admin_flags","",""
"","5","test_filter_update_subscription_with_pubsub_topic_list_instead_of_string","tests.filter","2026-06-21","passed","2026-06-21","TestFilterSubscribeUpdate","test_subscribe_update","",""
"","211","test_store_not_include_data","tests.store","2026-06-21","passed","2026-06-21","TestApiFlags","test_api_flags","",""
"","2642","test_sender_uses_regular_api_receiver_uses_auto_api","tests.sharding","2026-06-21","passed","2026-06-21","TestRunningNodesAutosharding","test_running_nodes_auto_sharding","",""
"","15","test_publish_with_invalid_content_topics","tests.relay","2026-06-21","passed","2026-06-21","TestRelayPublish","test_publish","",""
"","5567","test_metrics_after_relay_publish","tests.metrics","2026-06-21","passed","2026-06-21","TestMetrics","test_metrics","",""
"","3989","test_all_nodes_subscribed_to_the_topic","tests.filter","2026-06-21","passed","2026-06-21","TestFilterMultipleNodes","test_multiple_nodes","",""
"","3706","test_filter_update_subscription_add_30_new_content_topics","tests.filter","2026-06-21","passed","2026-06-21","TestFilterSubscribeUpdate","test_subscribe_update","",""
"","300026","test_valid_payloads_lightpush_at_spam_rate","tests.relay","2026-06-21","failed","2026-06-21","TestRelayRLN","test_rln","",""
"","4","test_light_push_with_extra_field","tests.light_push","2026-06-21","passed","2026-06-21","TestLightPushPublish","test_publish","",""
"","1993","test_publish_after_node2_restarts","tests.relay","2026-06-21","passed","2026-06-21","TestRelayPublish","test_publish","",""
"","2495","test_admin_service_peers_schema","tests.rest_flags","2026-06-21","passed","2026-06-21","TestAdminFlags","test_admin_flags","",""
"","11011","test_auto_port_per_field[tcpPort-tcp-enable_service0-60000]","tests.wrappers_tests","2026-06-21","passed","2026-06-21","TestWrapperAutoPortAllocation","test_wrapper_corner_cases","",""
"","3237","test_log_level_WARN_from_NOTICE","tests.rest_flags","2026-06-21","passed","2026-06-21","TestAdminFlags","test_admin_flags","",""
"","5320","test_2_receiving_nodes__relay_node1_forwards_lightpushed_message_to_filter_node2","tests.light_push","2026-06-21","passed","2026-06-21","TestMultipleNodes","test_multiple_nodes","",""
"","2621","test_unsubscribe_from_non_subscribed_content_topics","tests.sharding","2026-06-21","passed","2026-06-21","TestRelayAutosharding","test_relay_auto_sharding","",""
"","0","test_2_lightpush_nodes_and_2_receiving_nodes","tests.light_push","2026-06-21","skipped","2026-06-21","TestMultipleNodes","test_multiple_nodes","",""
"","2088","test_cursor_at_page_size_boundary","tests.store","2026-06-21","passed","2026-06-21","TestCursor","test_cursor","",""
"","1254","test_time_filter_negative_start_time","tests.store","2026-06-21","passed","2026-06-21","TestTimeFilter","test_time_filter","",""
"","25340","test_relay_4_nodes_sender_packet_loss","tests.e2e","2026-06-21","passed","2026-06-21","TestNetworkConditions","test_network_conditions","",""
"","1463","test_store_node_paused_and_unpaused","tests.store","2026-06-21","passed","2026-06-21","TestReliability","test_reliability","",""
"","2084","test_negative_number_page_size","tests.store","2026-06-21","passed","2026-06-21","TestPageSize","test_page_size","",""
"","38037","test_store_sync_range_with_jitter_catches_old_messages","tests.store_sync","2026-06-21","passed","2026-06-21","TestStoreSync","test_store_sync","",""
"","4","test_filter_unsubscribe_with_pubsub_topic_string_instead_of_list","tests.filter","2026-06-21","passed","2026-06-21","TestFilterUnSubscribe","test_unsubscribe","",""
"","3899","test_ping_only_some_nodes_have_subscriptions","tests.filter","2026-06-21","passed","2026-06-21","TestFilterMultipleNodes","test_multiple_nodes","",""
"","215","test_message_with_ephemeral_true","tests.store","2026-06-21","passed","2026-06-21","TestEphemeral","test_ephemeral","",""
"","0","test_get_peers_two_protocols","tests.peer_connection_management","2026-06-21","skipped","2026-06-21","TestPeerStore","test_peer_store","",""
"","4431","test_filter_get_message_with_valid_payloads","tests.filter","2026-06-21","passed","2026-06-21","TestFilterGetMessages","test_get_messages","",""
"","2662","test_lightpush_with_a_single_receiving_node","tests.light_push","2026-06-21","passed","2026-06-21","TestRunningNodes","test_running_nodes","",""
"","799","test_publish_with_valid_timestamps","tests.relay","2026-06-21","passed","2026-06-21","TestRelayPublish","test_publish","",""
"","1769","test_message_relayed_before_store_node_is_started","tests.store","2026-06-21","passed","2026-06-21","TestReliability","test_reliability","",""
"","421","test_get_store_duplicate_messages","tests.store","2026-06-21","passed","2026-06-21","TestGetMessages","test_get_messages","",""
"","5662","test_store","tests.discv5","2026-06-21","passed","2026-06-21","TestDiscv5","test_discv5","",""
"","2663","test_2_nodes_different_cluster_same_shard","tests.sharding","2026-06-21","passed","2026-06-21","TestRunningNodesStaticSharding","test_running_nodes_static_sharding","",""
"","2668","test_subscribe_and_publish_on_another_shard","tests.sharding","2026-06-21","passed","2026-06-21","TestRelayStaticSharding","test_relay_static_sharding","",""
"S09: S08 + store peer + reliability → Propagated, then Sent.","13015","test_s09_relay_fallback_to_lightpush_with_store_validation","tests.wrappers_tests","2026-06-21","passed","2026-06-21","TestRelayToLightpushFallback","test_send_lightpush_and_edge","",""
"","2642","test_store_with_filter","tests.store","2026-06-21","passed","2026-06-21","TestRunningNodes","test_running_nodes","",""
"","196309","test_filter_20_senders_1_receiver","tests.e2e","2026-06-21","passed","2026-06-21","TestE2E","test_e2e","",""
"","0","test_main_node_only_lightpush__peer_only_lightpush","tests.light_push","2026-06-21","skipped","2026-06-21","TestRunningNodes","test_running_nodes","",""
"","40548","test_msg_not_stored_when_ephemeral_true","tests.e2e","2026-06-21","passed","2026-06-21","TestE2E","test_e2e","",""
"","1254","test_time_filter_zero_start_end_time","tests.store","2026-06-21","passed","2026-06-21","TestTimeFilter","test_time_filter","",""
"","125","test_filter_unsubscribe_from_non_existing_content_topic","tests.filter","2026-06-21","passed","2026-06-21","TestFilterUnSubscribe","test_unsubscribe","",""
"","3","test_light_push_with_missing_content_topic","tests.light_push","2026-06-21","passed","2026-06-21","TestLightPushPublish","test_publish","",""
"","5432","test_light_push_while_peer_is_paused","tests.light_push","2026-06-21","passed","2026-06-21","TestLightPushPublish","test_publish","",""
"","3788","test_message_relayed_while_store_node_is_stopped_without_removing","tests.store","2026-06-21","passed","2026-06-21","TestReliability","test_reliability","",""
"","2730","test_main_node_only_relay__peer_only_relay","tests.store","2026-06-21","passed","2026-06-21","TestRunningNodes","test_running_nodes","",""
"","5968","test_sync_messages_received_via_lightpush","tests.store_sync","2026-06-21","passed","2026-06-21","TestStoreSync","test_store_sync","",""
"","215","test_get_store_message_with_version","tests.store","2026-06-21","passed","2026-06-21","TestGetMessages","test_get_messages","",""
"","3009","test_filter_get_message_after_node2_restarts","tests.filter","2026-06-21","passed","2026-06-21","TestFilterGetMessages","test_get_messages","",""
"","2660","test_main_node_relay_and_store__peer_only_relay","tests.store","2026-06-21","passed","2026-06-21","TestRunningNodes","test_running_nodes","",""
"","16","test_relay_unsubscribe_with_invalid_pubsub_topic_format","tests.relay","2026-06-21","passed","2026-06-21","TestRelaySubscribe","test_subscribe","",""
"","14","test_light_push_with_invalid_pubsub_topics","tests.light_push","2026-06-21","passed","2026-06-21","TestLightPushPublish","test_publish","",""
"","3","test_filter_update_subscription_with_no_pubsub_topic","tests.filter","2026-06-21","passed","2026-06-21","TestFilterSubscribeUpdate","test_subscribe_update","",""
"","3236","test_log_level_DEBUG_from_TRACE","tests.rest_flags","2026-06-21","passed","2026-06-21","TestAdminFlags","test_admin_flags","",""
"","477","test_filter_subscribe_with_multiple_overlapping_content_topics","tests.filter","2026-06-21","passed","2026-06-21","TestFilterSubscribeCreate","test_subscribe_create","",""
"","643","test_relay_unsubscribe_from_all_pubsub_topics","tests.relay","2026-06-21","passed","2026-06-21","TestRelaySubscribe","test_subscribe","",""
"","134","test_message_published_on_different_pubsub_topic_is_not_retrieved","tests.relay","2026-06-21","passed","2026-06-21","TestRelayPublish","test_publish","",""
"","841","test_store_with_empty_and_valid_hash","tests.store","2026-06-21","passed","2026-06-21","TestHashes","test_hashes","",""
"","4","test_filter_update_subscription_with_no_request_id","tests.filter","2026-06-21","passed","2026-06-21","TestFilterSubscribeUpdate","test_subscribe_update","",""
"","8","test_store_with_multiple_content_topics","tests.store","2026-06-21","passed","2026-06-21","TestTopics","test_topics","",""
"","2700","test_content_topic_not_in_docker_flags","tests.sharding","2026-06-21","passed","2026-06-21","TestRunningNodesAutosharding","test_running_nodes_auto_sharding","",""
"","221","test_store_with_wrongPeerAddr","tests.store","2026-06-21","passed","2026-06-21","TestApiFlags","test_api_flags","",""
"","24936","test_different_cursor_and_indexes[110-120]","tests.store","2026-06-21","passed","2026-06-21","TestCursor","test_cursor","",""
"","4","test_filter_subscribe_with_invalid_request_id","tests.filter","2026-06-21","passed","2026-06-21","TestFilterSubscribeCreate","test_subscribe_create","",""
"","4","test_publish_with_invalid_version","tests.relay","2026-06-21","passed","2026-06-21","TestRelayPublish","test_publish","",""
"","8","test_store_with_unknown_pubsub_topic","tests.store","2026-06-21","passed","2026-06-21","TestTopics","test_topics","",""
"","45057","test_s26_lightpush_peer_churn_alternate_remains","tests.wrappers_tests","2026-06-21","failed","2026-06-21","TestS26LightpushPeerChurn","test_send_lightpush_and_edge","",""
"","3431","test_single_pubsub_topic[/waku/2/rs/2/1]","tests.sharding","2026-06-21","passed","2026-06-21","TestRunningNodesStaticSharding","test_running_nodes_static_sharding","",""
"","2751","test_subscribe_and_publish_on_another_content_topic_from_another_shard","tests.sharding","2026-06-21","passed","2026-06-21","TestRelayAutosharding","test_relay_auto_sharding","",""
"","181","test_relay_get_message_while_one_peer_is_paused","tests.relay","2026-06-21","passed","2026-06-21","TestRelayMultipleNodes","test_multiple_nodes","",""
"","2628","test_single_content_topic[/app/27/sometopic/someencoding]","tests.sharding","2026-06-21","passed","2026-06-21","TestRunningNodesAutosharding","test_running_nodes_auto_sharding","",""
"","5594","test_relay","tests.discv5","2026-06-21","passed","2026-06-21","TestDiscv5","test_discv5","",""
"","143","test_filter_update_subscription_refresh_existing","tests.filter","2026-06-21","passed","2026-06-21","TestFilterSubscribeUpdate","test_subscribe_update","",""
"","226","test_optional_nodes_not_subscribed_to_same_pubsub_topic","tests.relay","2026-06-21","passed","2026-06-21","TestRelayMultipleNodes","test_multiple_nodes","",""
"","6519","test_auto_shard_relay","tests.sharding","2026-06-21","passed","2026-06-21","TestMultipleNodes","test_multiple_nodes","",""
"","2039","test_publish_with_payload_less_than_150_kb","tests.relay","2026-06-21","passed","2026-06-21","TestRelayPublish","test_publish","",""
"","2574","test_unsubscribe_from_non_subscribed_pubsub_topics","tests.sharding","2026-06-21","passed","2026-06-21","TestRelayStaticSharding","test_relay_static_sharding","",""
"","2094","test_passing_cursor_not_returned_in_paginationCursor","tests.store","2026-06-21","passed","2026-06-21","TestCursor","test_cursor","",""
"","12850","test_static_shard_relay_10_nwaku_nodes","tests.sharding","2026-06-21","passed","2026-06-21","TestMultipleNodes","test_multiple_nodes","",""
"","0","test_s01_send_on_destroyed_handle","tests.wrappers_tests","2026-06-21","skipped","2026-06-21","TestS01NilOrUninitializedHandle","test_send_handle_and_subscription","",""
"","4426","test_filter_get_message_while_one_peer_is_paused","tests.filter","2026-06-21","passed","2026-06-21","TestFilterMultipleNodes","test_multiple_nodes","",""
"","16","test_publish_with_invalid_payloads","tests.relay","2026-06-21","passed","2026-06-21","TestRelayPublish","test_publish","",""
"","8437","test_store_include_data","tests.store","2026-06-21","passed","2026-06-21","TestApiFlags","test_api_flags","",""
"","3299","test_filter_get_message_after_node1_restarts","tests.filter","2026-06-21","passed","2026-06-21","TestFilterGetMessages","test_get_messages","",""
"","5271","test_metrics_after_store_get","tests.metrics","2026-06-21","passed","2026-06-21","TestMetrics","test_metrics","",""
"","7867","test_publish_after_node1_restarts","tests.relay","2026-06-21","passed","2026-06-21","TestRelayPublish","test_publish","",""
"","13010","test_s11_edge_lightpush_with_store_validation","tests.wrappers_tests","2026-06-21","passed","2026-06-21","TestS11EdgeSenderLightpushAndStore","test_send_lightpush_and_edge","",""
"","3914","test_lightpush","tests.discv5","2026-06-21","passed","2026-06-21","TestDiscv5","test_discv5","",""
"","3187","test_lightpush_node_with_relay_works_correctly","tests.light_push","2026-06-21","passed","2026-06-21","TestRunningNodes","test_running_nodes","",""
"","5","test_light_push_with_invalid_meta","tests.light_push","2026-06-21","passed","2026-06-21","TestLightPushPublish","test_publish","",""
"","4179","test_different_cursor_and_indexes[19-20]","tests.store","2026-06-21","passed","2026-06-21","TestCursor","test_cursor","",""
"","2398","test_admin_service_peers_scalar_required_types","tests.rest_flags","2026-06-21","passed","2026-06-21","TestAdminFlags","test_admin_flags","",""
"","33746","test_relay_receiving_node_not_connected_directly_to_lightpushing_node","tests.e2e","2026-06-21","passed","2026-06-21","TestE2E","test_e2e","",""
"","14358","test_relay_2_nodes_packet_reordering","tests.e2e","2026-06-21","passed","2026-06-21","TestNetworkConditions","test_network_conditions","",""
"","132","test_filter_subscribe_to_single_topics","tests.filter","2026-06-21","passed","2026-06-21","TestFilterSubscribeCreate","test_subscribe_create","",""
"","2554","test_content_topic_also_in_docker_flags[/aaaaa/3/bbbbb/proto]","tests.sharding","2026-06-21","passed","2026-06-21","TestRunningNodesStaticSharding","test_running_nodes_static_sharding","",""
"","838","test_passing_non_base64_cursor","tests.store","2026-06-21","passed","2026-06-21","TestCursor","test_cursor","",""
"","28","test_publish_while_peer_is_paused","tests.relay","2026-06-21","passed","2026-06-21","TestRelayPublish","test_publish","",""
"","3256","test_message_relayed_while_store_node_is_stopped_and_removed","tests.store","2026-06-21","passed","2026-06-21","TestReliability","test_reliability","",""
"","635","test_filter_subscribe_to_multiple_pubsub_topic_from_same_cluster","tests.filter","2026-06-21","passed","2026-06-21","TestFilterSubscribeCreate","test_subscribe_create","",""
"","14584","test_relay_different_latency_between_two_nodes[1000]","tests.e2e","2026-06-21","passed","2026-06-21","TestNetworkConditions","test_network_conditions","",""
"","2537","test_publish_on_not_subscribed_content_topic_works","tests.sharding","2026-06-21","passed","2026-06-21","TestRelayAutosharding","test_relay_auto_sharding","",""
"","0","test_use_persistent_storage_survive_restart","tests.peer_connection_management","2026-06-21","skipped","2026-06-21","TestPeerStore","test_peer_store","",""
"","18","test_light_push_with_invalid_content_topics","tests.light_push","2026-06-21","passed","2026-06-21","TestLightPushPublish","test_publish","",""
"","3","test_relay_no_subscription","tests.relay","2026-06-21","passed","2026-06-21","TestRelaySubscribe","test_subscribe","",""
"","125","test_filter_unsubscribe_from_non_existing_pubsub_topic","tests.filter","2026-06-21","passed","2026-06-21","TestFilterUnSubscribe","test_unsubscribe","",""
"","75047","test_relay_7_nodes_3sec_latency","tests.e2e","2026-06-21","passed","2026-06-21","TestNetworkConditions","test_network_conditions","",""
"","6271","test_static_shard_relay","tests.sharding","2026-06-21","passed","2026-06-21","TestMultipleNodes","test_multiple_nodes","",""
"","12013","test_s06_relay_propagation_without_store","tests.wrappers_tests","2026-06-21","passed","2026-06-21","TestS06CoreSenderRelayOnly","test_send_relay_propagation","",""
"","36831","test_msg_stored_when_ephemeral_false","tests.e2e","2026-06-21","passed","2026-06-21","TestE2E","test_e2e","",""
"","3374","test_subscribe_via_api_to_new_content_topics[content_topic_list1]","tests.sharding","2026-06-21","passed","2026-06-21","TestRelayAutosharding","test_relay_auto_sharding","",""
"","2081","test_invalid_page_size","tests.store","2026-06-21","passed","2026-06-21","TestPageSize","test_page_size","",""
"","12014","test_s07_relay_propagation_with_store_validation","tests.wrappers_tests","2026-06-21","passed","2026-06-21","TestS07CoreSenderRelayAndStore","test_send_relay_propagation","",""
"","2656","test_single_content_topic[/statusim/1/community/cbor]","tests.sharding","2026-06-21","passed","2026-06-21","TestRunningNodesAutosharding","test_running_nodes_auto_sharding","",""
"","353","test_filter_unsubscribe_from_some_of_the_subscribed_content_topics","tests.filter","2026-06-21","passed","2026-06-21","TestFilterUnSubscribe","test_unsubscribe","",""
"","2509","test_different_page_size[11]","tests.store","2026-06-21","passed","2026-06-21","TestPageSize","test_page_size","",""
"","836","test_store_with_empty_hashes","tests.store","2026-06-21","passed","2026-06-21","TestHashes","test_hashes","",""
"","38026","test_relay_receiving_node_not_connected_directly_to_relaying_node","tests.e2e","2026-06-21","passed","2026-06-21","TestE2E","test_e2e","",""
"","92900","test_filter_3_senders_multiple_msg_1_receiver","tests.e2e","2026-06-21","passed","2026-06-21","TestE2E","test_e2e","",""
"","4","test_filter_update_subscription_with_extra_field","tests.filter","2026-06-21","passed","2026-06-21","TestFilterSubscribeUpdate","test_subscribe_update","",""
"","11012","test_enr_advertises_bound_discv5_port","tests.wrappers_tests","2026-06-21","passed","2026-06-21","TestWrapperAutoPortAllocation","test_wrapper_corner_cases","",""
"","13","test_light_push_on_non_subscribed_pubsub_topic","tests.light_push","2026-06-21","passed","2026-06-21","TestLightPushPublish","test_publish","",""
"","845","test_different_cursor_and_indexes[2-4]","tests.store","2026-06-21","passed","2026-06-21","TestCursor","test_cursor","",""
"","5093","test_light_push_with_valid_content_topics","tests.light_push","2026-06-21","passed","2026-06-21","TestLightPushPublish","test_publish","",""
"","1464","test_publishing_node_paused_and_unpaused","tests.store","2026-06-21","passed","2026-06-21","TestReliability","test_reliability","",""
"","8338","test_get_multiple_store_messages","tests.store","2026-06-21","passed","2026-06-21","TestGetMessages","test_get_messages","",""
"","2769","test_main_node_only_relay__peer_only_store","tests.store","2026-06-21","passed","2026-06-21","TestRunningNodes","test_running_nodes","",""
"","295","test_light_push_with_payload_less_than_150_kb","tests.light_push","2026-06-21","passed","2026-06-21","TestLightPushPublish","test_publish","",""
"","2089","test_cursor_pointing_to_deleted_message","tests.store","2026-06-21","passed","2026-06-21","TestCursor","test_cursor","",""
"","11012","test_bound_ports_zero_for_disabled_services","tests.wrappers_tests","2026-06-21","passed","2026-06-21","TestWrapperAutoPortAllocation","test_wrapper_corner_cases","",""
"","3960","test_content_topic_and_pubsub_topic_not_in_docker_flags","tests.sharding","2026-06-21","passed","2026-06-21","TestRunningNodesAutosharding","test_running_nodes_auto_sharding","",""
"","4882","test_get_peers_for_blank_node","tests.peer_exchange","2026-06-21","passed","2026-06-21","TestPeerExchange","test_peer_exchange","",""
"","3","test_filter_unsubscribe_all_with_extra_field","tests.filter","2026-06-21","passed","2026-06-21","TestFilterUnSubscribeAll","test_unsubscribe_all","",""
"","4","test_filter_unsubscribe_with_no_request_id","tests.filter","2026-06-21","passed","2026-06-21","TestFilterUnSubscribe","test_unsubscribe","",""
"","115","test_publish_with_valid_version","tests.relay","2026-06-21","passed","2026-06-21","TestRelayPublish","test_publish","",""
"","4633","test_filter_get_message_after_one_peer_was_stopped","tests.filter","2026-06-21","passed","2026-06-21","TestFilterMultipleNodes","test_multiple_nodes","",""
"","4058","test_unsubscribe_from_some_content_topics[content_topic_list1]","tests.sharding","2026-06-21","passed","2026-06-21","TestRelayAutosharding","test_relay_auto_sharding","",""
"","31259","test_extreme_number_page_size","tests.store","2026-06-21","passed","2026-06-21","TestPageSize","test_page_size","",""
"","140","test_relay_unsubscribe_from_single_pubsub_topic","tests.relay","2026-06-21","passed","2026-06-21","TestRelaySubscribe","test_subscribe","",""
"","810","test_filter_unsubscribe_all_from_90_content_topics","tests.filter","2026-06-21","passed","2026-06-21","TestFilterUnSubscribeAll","test_unsubscribe_all","",""
"","61064","test_s24_ephemeral_message_with_reachable_store","tests.wrappers_tests","2026-06-21","passed","2026-06-21","TestS24EphemeralMessageWithReachableStore","test_send_relay_propagation","",""
"","784","test_relay_get_message_after_one_peer_was_stopped","tests.relay","2026-06-21","passed","2026-06-21","TestRelayMultipleNodes","test_multiple_nodes","",""
"","7","test_valid_payloads_random_epoch_at_slow_rate","tests.relay","2026-06-21","broken","2026-06-21","TestRelayRLN","test_rln","",""
"","255","test_filter_subscribe_refresh","tests.filter","2026-06-21","passed","2026-06-21","TestFilterSubscribeCreate","test_subscribe_create","",""
"","1725","test_get_store_messages_with_different_content_topics","tests.store","2026-06-21","passed","2026-06-21","TestGetMessages","test_get_messages","",""
"","1251","test_time_filter_start_time_equals_end_time","tests.store","2026-06-21","passed","2026-06-21","TestTimeFilter","test_time_filter","",""
"","1079","test_light_push_after_light_push_node_restarts","tests.light_push","2026-06-21","passed","2026-06-21","TestLightPushPublish","test_publish","",""
"","12","test_light_push_with_with_large_meta","tests.light_push","2026-06-21","passed","2026-06-21","TestLightPushPublish","test_publish","",""
"","221","test_get_store_message_with_meta","tests.store","2026-06-21","passed","2026-06-21","TestGetMessages","test_get_messages","",""
"","4","test_filter_subscribe_with_invalid_pubsub_topic_format","tests.filter","2026-06-21","passed","2026-06-21","TestFilterSubscribeCreate","test_subscribe_create","",""
"","37022","test_store_node_not_connected_directly_to_relaying_node","tests.e2e","2026-06-21","passed","2026-06-21","TestE2E","test_e2e","",""
"","5871","test_sync_nodes_are_not_relay_and_have_storenode_set","tests.store_sync","2026-06-21","passed","2026-06-21","TestStoreSync","test_store_sync","",""
"","910","test_publish_with_payload_equal_or_more_150_kb","tests.relay","2026-06-21","passed","2026-06-21","TestRelayPublish","test_publish","",""
"","5","test_store_is_empty","tests.store","2026-06-21","passed","2026-06-21","TestGetMessages","test_get_messages","",""
"","492","test_relay_subscribe_with_multiple_overlapping_pubsub_topics","tests.relay","2026-06-21","passed","2026-06-21","TestRelaySubscribe","test_subscribe","",""
"","85390","test_relay_packet_loss_correlated_vs_uncorrelated","tests.e2e","2026-06-21","passed","2026-06-21","TestNetworkConditions","test_network_conditions","",""
"","8315","test_store_with_multiple_hashes","tests.store","2026-06-21","passed","2026-06-21","TestHashes","test_hashes","",""
"","132","test_filter_subscribe_to_pubsub_topic_from_another_cluster_id","tests.filter","2026-06-21","passed","2026-06-21","TestFilterSubscribeCreate","test_subscribe_create","",""
"","425","test_messages_with_timestamps_far_from_now","tests.store","2026-06-21","passed","2026-06-21","TestTimeFilter","test_time_filter","",""
"","1062","test_invalid_pagination_cursor_param","tests.store","2026-06-21","passed","2026-06-21","TestCursor","test_cursor","",""
"","4","test_filter_get_message_with_extra_field","tests.filter","2026-06-21","passed","2026-06-21","TestFilterGetMessages","test_get_messages","",""
"","5","test_relay_subscribe_with_empty_pubsub_topic_list","tests.relay","2026-06-21","passed","2026-06-21","TestRelaySubscribe","test_subscribe","",""
"","44","test_store_with_one_content_topic","tests.store","2026-06-21","passed","2026-06-21","TestTopics","test_topics","",""
"","43","test_store_with_both_pubsub_topic_and_content_topic","tests.store","2026-06-21","passed","2026-06-21","TestTopics","test_topics","",""
"","116","test_filter_get_message_with_version","tests.filter","2026-06-21","passed","2026-06-21","TestFilterGetMessages","test_get_messages","",""
"","214","test_message_with_ephemeral_false","tests.store","2026-06-21","passed","2026-06-21","TestEphemeral","test_ephemeral","",""
"","416184","test_get_multiple_2000_store_messages","tests.store","2026-06-21","passed","2026-06-21","TestCursorManyMessages","test_cursor_many_msgs","",""
"","224","test_filter_get_message_with_ephemeral","tests.filter","2026-06-21","passed","2026-06-21","TestFilterGetMessages","test_get_messages","",""
"","11015","test_create_start_and_stop_node","tests.wrappers_tests","2026-06-21","passed","2026-06-21","TestLogosDeliveryLifecycle","test_basic_life_cycle","",""
"","7","test_store_without_pubsub_topic_and_content_topic","tests.store","2026-06-21","passed","2026-06-21","TestTopics","test_topics","",""
"","222","test_filter_get_message_duplicate_message","tests.filter","2026-06-21","passed","2026-06-21","TestFilterGetMessages","test_get_messages","",""
"","70587","test_sync_flags_node2_start_later","tests.store_sync","2026-06-21","passed","2026-06-21","TestStoreSync","test_store_sync","",""
"","2738","test_main_node_relay_and_store__peer_relay_and_store","tests.store","2026-06-21","passed","2026-06-21","TestRunningNodes","test_running_nodes","",""
"","11016","test_stop_node_without_destroy","tests.wrappers_tests","2026-06-21","passed","2026-06-21","TestLogosDeliveryLifecycle","test_basic_life_cycle","",""
"","2704","test_publish_on_multiple_content_topics_and_only_after_fetch_them[content_topic_list0]","tests.sharding","2026-06-21","passed","2026-06-21","TestRelayAutosharding","test_relay_auto_sharding","",""
"","3415","test_admin_relay_peers_schema","tests.rest_flags","2026-06-21","passed","2026-06-21","TestAdminFlags","test_admin_flags","",""
"","11012","test_s05_send_fails_when_auto_subscribe_fails[missing-encoding-segment]","tests.wrappers_tests","2026-06-21","passed","2026-06-21","TestS05AutoSubscribeFailureBeforeTaskCreation","test_send_handle_and_subscription","",""
"","2533","test_main_node_relay_lightpush__peer_only_filter","tests.light_push","2026-06-21","passed","2026-06-21","TestRunningNodes","test_running_nodes","",""
"","4599","test_publish_with_valid_payloads","tests.relay","2026-06-21","passed","2026-06-21","TestRelayPublish","test_publish","",""
"","37716","test_high_message_volume_sync","tests.store_sync","2026-06-21","passed","2026-06-21","TestStoreSync","test_store_sync","",""
"","360738","test_valid_payloads_dynamic_at_spam_rate","tests.relay","2026-06-21","broken","2026-06-21","TestRelayRLN","test_rln","",""
"","158","test_light_push_with_payload_of_150_kb","tests.light_push","2026-06-21","passed","2026-06-21","TestLightPushPublish","test_publish","",""
"","12014","test_auto_port_node_can_propagate_message","tests.wrappers_tests","2026-06-21","passed","2026-06-21","TestWrapperAutoPortAllocation","test_wrapper_corner_cases","",""
"","74200","test_relay_4_nodes_sender_packet_loss_50_15sec_timeout","tests.e2e","2026-06-21","passed","2026-06-21","TestNetworkConditions","test_network_conditions","",""
"","845","test_invalid_hash_param","tests.store","2026-06-21","passed","2026-06-21","TestHashes","test_hashes","",""
"","7919","test_sync_flags","tests.store_sync","2026-06-21","passed","2026-06-21","TestStoreSync","test_store_sync","",""
"","3440","test_multiple_content_topics_same_shard[content_topic_list1]","tests.sharding","2026-06-21","passed","2026-06-21","TestRunningNodesAutosharding","test_running_nodes_auto_sharding","",""
"","707","test_light_push_on_multiple_pubsub_topics","tests.light_push","2026-06-21","passed","2026-06-21","TestLightPushPublish","test_publish","",""
"","32717","test_admin_connected_peers_scalar_types","tests.rest_flags","2026-06-21","passed","2026-06-21","TestAdminFlags","test_admin_flags","",""
"","2657","test_2_nodes_different_cluster_different_shard","tests.sharding","2026-06-21","passed","2026-06-21","TestRunningNodesStaticSharding","test_running_nodes_static_sharding","",""
"","8538","test_store_with_hashes","tests.store","2026-06-21","passed","2026-06-21","TestHashes","test_hashes","",""
"","212","test_store_with_wrong_url_pubsub_topic","tests.store","2026-06-21","passed","2026-06-21","TestTopics","test_topics","",""
"","0","test_light_push_and_retrieve_100_messages","tests.light_push","2026-06-21","skipped","2026-06-21","TestLightPushPublish","test_publish","",""
"","116","test_publish_with_valid_meta","tests.relay","2026-06-21","passed","2026-06-21","TestRelayPublish","test_publish","",""
"","1253","test_time_filter_zero_end_time","tests.store","2026-06-21","passed","2026-06-21","TestTimeFilter","test_time_filter","",""
"","2632","test_single_content_topic[/myapp/1/latest/proto]","tests.sharding","2026-06-21","passed","2026-06-21","TestRunningNodesAutosharding","test_running_nodes_auto_sharding","",""
"","50793","test_relay_2_nodes_bandwidth_low_vs_high_drain_time","tests.e2e","2026-06-21","passed","2026-06-21","TestNetworkConditions","test_network_conditions","",""
